{"DqlAPEpSfkWd9Xqz5mZ/Cw==":"img-2000x1500.jpg","yhbReVL0OxzBOAPti9jZIg==":"favicon-139x128.png","uRNQffTNTKKyDSZlLrlE6Q==":"logo-414x128.png","A+C9gEvdxhbcv7HLcimUew==":"img-1-2000x1500.jpg","/8Lp3QK+7hE00BHurtMYwg==":"img-2-2000x1500.jpg","yvCJmuYmCCe3klS4FnMlSw==":"favicon-128x117.png","GTFhwwVCL5IEEu9U6VLd1w==":"img-1400x1050.jpg","PIvbRZx6CG8Cso1Gm+Gx/Q==":"img-2000x2666.jpg","4x2r7xkThQh57Io9u32I+w==":"img-3-2000x1500.jpg","AkHIz6Kd+OK1SWc7+2O0nA==":"img-4-2000x1500.jpg","hLUayQxMHujUJET6ENn7BQ==":"img-5-2000x1500.jpg","R0uXwdFX+3ao0Y0t61pukg==":"img-6-2000x1500.jpg","MtaXcYbpezeVoM/bnXq3Aw==":"img-7-2000x1500.jpg","Iwm55bMJIQKwUOwkDUl3Kw==":"img-8-2000x1500.jpg","sCR1m+f++ytvMoYO5jzY2Q==":"img-1-2000x2666.jpg","MvYYUTaSbD3/lqALYeZ11A==":"img-9-2000x1500.jpg","8pMYqhfngwW/nrelqT+Mmw==":"img-10-2000x1500.jpg","Z3ZOuPCMjwPf5pMjGi0jZA==":"img-11-2000x1500.jpg","kf16IP3AlezXs9cTB+Foqw==":"img-12-2000x1500.jpg","OZerY5lXpt7JnaB9qNWQfg==":"img-13-2000x1500.jpg","AWEKfF6m0DSLvFSCM14ZDg==":"img-14-2000x1500.jpg","1sx494sWW8MCd5Q1VwCfnQ==":"img-15-2000x1500.jpg","AKI9ZOq6VML36wknmUCKzw==":"img-16-2000x1500.jpg","J0rhFSwMUolIMK/OtBC32w==":"img-17-2000x1500.jpg","jIvdRDln7AbWzfzdc1YDMw==":"logo-128x39.png","pJl0LHKYyTQo6BrsXlHPFA==":"recurso%202-1400x1226.png","/JeewfDlAYxPXmSKHnHFkA==":"recurso%201-2000x1500.png","72GWz4MvSbEZNuFunQOFqQ==":"recurso%202-600x525.png","FJ4aS73ekebjlpPn7fokKA==":"recurso%204.svg","iiEL+lZhNsQSeLoeYN3sPg==":"recurso%204-2000x1500.png","d9qV0Rj8+KGOTJge7uFFcw==":"recurso%204@2x-2000x1500.png","06lJ/6s54Uczlp6IK0YxvA==":"logo1-128x35.png","h8OcbgjM3QoOOzJg1XNARw==":"fondo_trama-2000x1500.png"}